<application>
  <component name="libraryTable">
    <library name="jQuery" type="javaScript">
      <properties>
        <option name="frameworkName" value="jQuery" />
        <option name="frameworkVersion" value="3.3" />
        <sourceFilesUrls>
          <item url="file://$USER_HOME$/Documentos/Recursos web/JS/Jquery/jquery.js" />
        </sourceFilesUrls>
      </properties>
      <CLASSES>
        <root url="file://$USER_HOME$/Documentos/Recursos web/JS/Jquery/jquery.js" />
      </CLASSES>
      <SOURCES />
    </library>
  </component>
</application>